<?xml version="1.0" encoding="UTF-8" ?>  
<!DOCTYPE mapper PUBLIC "-//ibatis.apache.org//DTD Mapper 3.0//EN"      
 "http://ibatis.apache.org/dtd/ibatis-3-mapper.dtd">
 <!-- namespace指定和哪个Mapper映射器接口对应 -->
<mapper namespace="com.xdl.mapper.XdlEtAdminDAO">
	<!-- 定义SQL语句 -->	
    <select id="findAdminByNameAndPassword" 
      resultType="com.xdl.bean.XdlEtAdmin">
         select * from ET_ADMIN 
         where name = #{name} and password = #{password}
    </select>
    
    <select id="findAllAdmin" 
      resultType="com.xdl.bean.XdlEtAdmin">
         select * from ET_ADMIN
    </select>
    
    <insert id="insertAdmin"
      parameterType="com.xdl.bean.XdlEtAdmin">
         insert into ET_ADMIN(name,password) values(#{name},#{password})
    </insert>
    
    <insert id="insertUser"
      parameterType="com.xdl.bean.XdlEtUser" 
      useGeneratedKeys="true"  keyProperty="id">
         insert into et_user(username,truename,
         password,email,phone,add_date,expire_date,
         add_by,enabled,field_id,last_login_time,login_time,
         province,company,department,classID) values(#{username},#{truename},
         #{password},#{email},#{phone},#{add_date},#{expire_date},
         #{add_by},#{enabled},#{field_id},#{last_login_time},#{login_time},
         #{province},#{company},#{department},#{classID})
    </insert>
    
    <select id="getAllClassName"  resultType="com.xdl.bean.XdlEtClassNum">
    	select * from et_classnum
    </select>
    
     <select id="getAllUser"  resultType="com.xdl.bean.XdlEtUser">
    	select * from et_user
    </select>
    
    <!-- 修改状态为启用 1 -->
	<update id="updateUserEnabledOn" parameterType="int">
		update et_user set enabled = 1 where id = #{id}
	</update>
    
    <!-- 修改状态为注销 0 -->
	<update id="updateUserEnabledOff" parameterType="int">
		update et_user set enabled = 0 where id = #{id}
	</update>
    
</mapper>