<?xml version="1.0" encoding="UTF-8" ?>  
<!DOCTYPE mapper PUBLIC "-//ibatis.apache.org//DTD Mapper 3.0//EN"      
 "http://ibatis.apache.org/dtd/ibatis-3-mapper.dtd">
 <!-- namespace指定和哪个Mapper映射器接口对应 -->
<mapper namespace="com.xdl.mapper.XdlEtQuestionDAO">
	<!-- 定义SQL语句 -->	
    <insert id="insertQuestion"
      parameterType="com.xdl.bean.XdlEtQuestion"
      useGeneratedKeys="true" keyProperty="id">
         insert into  et_question(description,question_type_id,points,group_id,is_visible
         ,create_time,creator,last_modify,answer,expose_times,right_times,wrong_times
         ,difficulty,analysis,reference,examing_point,keyword)  values(
         #{description}, #{question_type_id}, #{points}, #{group_id}, #{is_visible}
         , #{create_time}, #{creator}, #{last_modify}, #{answer}, #{expose_times}
         ,#{right_times}, #{wrong_times}
         , #{difficulty}, #{analysis}, #{reference}, #{examing_point}, #{keyword})
    </insert>
      <!-- 插入试题时  让试题关联上对应的知识点 -->
    <insert id="insertQuestionPoint">
    	insert into ET_QUESTION_2_POINT(question_id,point_id) values(#{question_id},#{point_id})
    </insert>
     <!--  插入试题时  让试题关联上对应的选项  -->
     <insert id="insertQuestionOption" parameterType="com.xdl.bean.XdlEtQuestionOption">
         insert into et_question_2_option(question_id,option_name,option_content)
             values(#{question_id},#{option_name},#{option_content})
    </insert>
     <!--  插入试题时  批量对应的选项  -->
    <insert id="insertQuestionOptions" parameterType="list">
         insert into et_question_2_option(question_id,option_name,option_content)
             values
             <foreach collection="options" item="option" index="index" separator=",">
             (#{option.question_id},#{option.option_name},#{option.option_content})
             </foreach>
    </insert>
    
      <!-- 根据问题的类型#{question_type_id}和 问题的数量 #{question_num} 随机获取对应的问题列表   -->
     <select id="getQuestionListByQuestionTypeId" 
      resultMap="questionMap">
         select * from et_question where question_type_id=#{question_type_id}
         order by RAND() LIMIT 0 , #{question_num}
    </select>
    <!-- 多表联查 -->
    <resultMap type="com.xdl.bean.XdlEtQuestion" id="questionMap">
    	<result column="id" property="id"/>
    	 <!--  根据问题的id  来获取对应的知识点列表  -->
    	<collection property="knowledgePoints" select="getKnowledgePointsByQuestionId" column="id">
   		 </collection>
   		 <!--  根据问题的id  来获取对应的选项  -->
    	<collection property="questionOptions" select="getQuestionOptionByQuestionId" column="id">
   		 </collection>
   		 <!-- <collection property="实体类里定义的别名" select="执行select操作的id名" column="id"></collection> -->
   		 
    </resultMap>
    
	 <!--  根据问题的 id  获取对应的知识点列表  通过上面collection标签 与 问题建立关联 -->
    <select id="getKnowledgePointsByQuestionId" parameterType="int"
      resultType="com.xdl.bean.XdlEtKnowledgePoint">
        select kp.* from et_knowledge_point kp,et_question_2_point qp
        	where kp.point_id = qp.point_id and qp.question_id = #{question_id}
    </select>
    
     <!--  根据问题的id  来获取对应的选项  -->
     <select id="getQuestionOptionByQuestionId" parameterType="int"
      resultType="com.xdl.bean.XdlEtQuestionOption">
        select * from et_question_2_option where question_id = #{question_id}
    </select>
    
     
    <update id="updateExposeTimes">
    	update et_question set expose_times = #{expose_times} where id = #{id}
    </update>
    
    <update id="updateRightTimes">
    	update et_question set right_times = #{right_times} where id = #{id}
    </update>
    
    <update id="updateWrongTimes">
    	update et_question set wrong_times = #{wrong_times} where id = #{id}
    </update>
    
</mapper>