<?xml version="1.0" encoding="UTF-8" ?>  
<!DOCTYPE mapper PUBLIC "-//ibatis.apache.org//DTD Mapper 3.0//EN"      
 "http://ibatis.apache.org/dtd/ibatis-3-mapper.dtd">
 <!-- namespace指定和哪个Mapper映射器接口对应 -->
<mapper namespace="com.xdl.mapper.XdlEtExamPaperDAO">
	<!-- 定义SQL语句 -->	
    <insert id="insertExamPaper"
      parameterType="com.xdl.bean.XdlEtExamPaper"
      useGeneratedKeys="true"  keyProperty="id">
        insert  into  et_paper(user_id,name,duration,total_point
         ,pass_point,is_visible,status,create_time,summary
         ,is_subjective,answer_sheet,creator,sum_score,difficulty) 
         values(#{user_id},#{name},#{duration},#{total_point}
         ,#{pass_point},#{is_visible},#{status},#{create_time},#{summary}
         ,#{is_subjective},#{answer_sheet},#{creator},#{sum_score},#{difficulty})
    </insert>
    <insert id="insertXdlEtPaperQuestions"  parameterType="list">
	     insert into  et_paper_2_question(paper_id,question_id,order_num
         ,question_score) values
         <foreach collection="questions"  item="question"  
           separator=",">
         (#{question.paper_id},#{question.id}
         ,#{question.order_num},#{question.question_score})
         </foreach>
	</insert>
	
	<select id="getAllPaperInfo" resultType="com.xdl.bean.XdlEtExamPaper">
		select * from et_paper
	</select>
	<!-- 修改状态为上线 -->
	<update id="updatePaperStateOnLine" parameterType="String">
		update et_paper set status = 1 where id = ${id}
	</update>
    
    <!-- 修改状态为下线 -->
	<update id="updatePaperStateOutLine" parameterType="String">
		update et_paper set status = 0 where id = ${id}
	</update>
	
	 <!-- 删除试卷 -->
	<delete id="deletePaperById" parameterType="String">
		delete from et_paper where id = ${id}
	</delete>
	
	<!-- 通过试卷id查询到试卷信息 -->
	
	<select id="findPaperInfoById" parameterType="int"
	resultType="com.xdl.bean.XdlEtExamPaper">
		select * from et_paper where id = #{id}
	</select>
	
	<!-- 通过试卷id查询到所有到试卷的所有试题  (两表联查)-->  
	<select id="getPaperQuestionByPaperId" parameterType="int"
	resultType="com.xdl.bean.XdlEtQuestion">
		select eq.* from et_paper_2_question pq,et_question eq 
			where pq.question_id = eq.id and pq.paper_id = #{paper_id}
	</select>
	
	<!-- 通过试题id查询关联选项 -->
	<select id="getQuestionOptionsById" parameterType="int"
	 resultType="com.xdl.bean.XdlEtQuestionOption">
		select * from et_question_2_option where question_id = #{question_id}
	</select>
	
	
</mapper>