{
  "id": "1427429",
  "name": "MyIcon",
  "font_family": "iconfont",
  "css_prefix_text": "icon",
  "description": "安全主动检测系统图标库",
  "glyphs": [
    {
      "icon_id": "587048",
      "name": "preview-24",
      "font_class": "preview24",
      "unicode": "e7c1",
      "unicode_decimal": 59329
    },
    {
      "icon_id": "694672",
      "name": "menu",
      "font_class": "menu",
      "unicode": "e621",
      "unicode_decimal": 58913
    },
    {
      "icon_id": "880406",
      "name": "video",
      "font_class": "video",
      "unicode": "e6be",
      "unicode_decimal": 59070
    },
    {
      "icon_id": "1555845",
      "name": "menu",
      "font_class": "menu1",
      "unicode": "e6c1",
      "unicode_decimal": 59073
    },
    {
      "icon_id": "4765891",
      "name": "setting",
      "font_class": "setting",
      "unicode": "e78e",
      "unicode_decimal": 59278
    },
    {
      "icon_id": "4766289",
      "name": "add user",
      "font_class": "adduser",
      "unicode": "e7ae",
      "unicode_decimal": 59310
    },
    {
      "icon_id": "4766513",
      "name": "safety certificate",
      "font_class": "safetycertificate",
      "unicode": "e7c0",
      "unicode_decimal": 59328
    },
    {
      "icon_id": "4766675",
      "name": "alert",
      "font_class": "alert",
      "unicode": "e7c3",
      "unicode_decimal": 59331
    },
    {
      "icon_id": "7429418",
      "name": "menu",
      "font_class": "menu2",
      "unicode": "e601",
      "unicode_decimal": 58881
    }
  ]
}
